{"cameraMode":{"drawMode":0,"name":"Shaded","section":"Shading Mode"},"sceneLighting":false,"audioPlay":false,"sceneViewState":{"m_AlwaysRefresh":false,"showFog":true,"showSkybox":true,"showFlares":true,"showImageEffects":true,"showParticleSystems":true,"showVisualEffectGraphs":true,"m_FxEnabled":true},"in2DMode":false,"pivot":{"x":26.755542755126954,"y":31.20779800415039,"z":285.1266174316406},"rotation":{"x":0.000014480966456176247,"y":0.9880061745643616,"z":-0.154778853058815,"w":0.00029884613468311727},"size":40.46843338012695,"orthographic":false}