{"cameraMode":{"drawMode":0,"name":"Shaded","section":"Shading Mode"},"sceneLighting":false,"audioPlay":false,"sceneViewState":{"m_AlwaysRefresh":false,"showFog":true,"showSkybox":true,"showFlares":true,"showImageEffects":true,"showParticleSystems":true,"showVisualEffectGraphs":true,"m_FxEnabled":true},"in2DMode":false,"pivot":{"x":61.86566162109375,"y":-1.8661279678344727,"z":49.56419372558594},"rotation":{"x":0.22662976384162904,"y":0.04819102585315704,"z":-0.011222357861697674,"w":0.9727357029914856},"size":11.764750480651856,"orthographic":false}